KeyPerformanceIndicator,1004,ObjectType
KPIElement,1005,ObjectType
KeyPerformanceIndicator_Worker_efficiency,5001,Object
KPIElement_Time_elements,5002,Object
Chair_of_Production_Systems_ISO_22400_2_,5003,Object
KeyPerformanceIndicator_Allocation_ratio,5004,Object
KeyPerformanceIndicator_Throughput_rate,5005,Object
KPIElement_Logistical_elements,5006,Object
KPIElement_Quality_elements,5007,Object
KeyPerformanceIndicator_Availability,5008,Object
KeyPerformanceIndicator_Allocation_efficiency,5009,Object
KeyPerformanceIndicator_Utilization_efficiency,5010,Object
KeyPerformanceIndicator_Overall_equipment_effectiveness_index,5011,Object
KeyPerformanceIndicator_Net_equipment_effectiveness_index,5012,Object
KeyPerformanceIndicator_Effectiveness,5013,Object
KeyPerformanceIndicator_Quality_ratio,5014,Object
KeyPerformanceIndicator_Setup__ratio,5015,Object
KeyPerformanceIndicator_Technical_efficiency,5016,Object
KeyPerformanceIndicator_Production_process_ratio,5017,Object
KeyPerformanceIndicator_Actual_to_planned_scrap_ratio,5018,Object
KeyPerformanceIndicator_First_pass_yield,5019,Object
KeyPerformanceIndicator_Scrap_ratio,5020,Object
KeyPerformanceIndicator_Rework_ratio,5021,Object
KeyPerformanceIndicator_Fall_off_ratio,5022,Object
KeyPerformanceIndicator_Machine_capability_index,5023,Object
KeyPerformanceIndicator_Critical_machine_capability_index,5024,Object
KeyPerformanceIndicator_Process_capability_index,5025,Object
KeyPerformanceIndicator_Critical_process_capability_index,5026,Object
KeyPerformanceIndicator_Comprehensive_energy_consumption,5027,Object
KeyPerformanceIndicator_Inventory_turns,5028,Object
KeyPerformanceIndicator_Finished_goods_ratio,5029,Object
KeyPerformanceIndicator_Integrated_goods_ratio,5030,Object
KeyPerformanceIndicator_Production_loss_ratio,5031,Object
KeyPerformanceIndicator_Storage_and_transportation_loss_ratio,5032,Object
KeyPerformanceIndicator_Other_loss_ratio,5033,Object
KeyPerformanceIndicator_Equipment_load_ratio,5034,Object
KeyPerformanceIndicator_Mean_operating_time_between_failures,5035,Object
KeyPerformanceIndicator_Mean_time_to_failure,5036,Object
KeyPerformanceIndicator_Mean_time_to_repair,5037,Object
KeyPerformanceIndicator_Corrective_maintenance_ratio,5038,Object
KPIElement_Time_elements_Planned_times,5039,Object
KPIElement_Time_elements_Actual_times,5040,Object
KPIElement_Time_elements_Maintenance_times,5041,Object
KeyPerformanceIndicator_Worker_efficiency_Worker_efficiency_V,6001,Variable
KeyPerformanceIndicator_Worker_efficiency_Worker_efficiency_V_EngineeringUnits,6002,Variable
KeyPerformanceIndicator_Worker_efficiency_Worker_efficiency_V_Definition,6003,Variable
KeyPerformanceIndicator_Worker_efficiency_Worker_efficiency_V_EURange,6004,Variable
KeyPerformanceIndicator_Worker_efficiency_Worker_efficiency_M_InputArguments,6005,Variable
KeyPerformanceIndicator_Worker_efficiency_Worker_efficiency_M_OutputArguments,6006,Variable
Chair_of_Production_Systems_ISO_22400_2__IsNamespaceSubset,6011,Variable
Chair_of_Production_Systems_ISO_22400_2__NamespacePublicationDate,6012,Variable
KPIElement_Time_elements_Actual_times_Actual_personnel_work_time_APWT,6013,Variable
KPIElement_Time_elements_Actual_times_Actual_personnel_work_time_APWT_EngineeringUnits,6014,Variable
Chair_of_Production_Systems_ISO_22400_2__NamespaceUri,6015,Variable
Chair_of_Production_Systems_ISO_22400_2__NamespaceVersion,6016,Variable
KPIElement_Time_elements_Actual_times_Actual_personnel_work_time_APWT_Definition,6017,Variable
Chair_of_Production_Systems_ISO_22400_2__StaticNodeIdTypes,6018,Variable
Chair_of_Production_Systems_ISO_22400_2__StaticNumericNodeIdRange,6019,Variable
Chair_of_Production_Systems_ISO_22400_2__StaticStringNodeIdPattern,6020,Variable
KeyPerformanceIndicator_Allocation_ratio_Allocation_ratio_V,6021,Variable
KeyPerformanceIndicator_Allocation_ratio_Allocation_ratio_V_EngineeringUnits,6022,Variable
KeyPerformanceIndicator_Throughput_rate_Throughput_rate_V,6023,Variable
KeyPerformanceIndicator_Throughput_rate_Throughput_rate_V_EngineeringUnits,6024,Variable
KeyPerformanceIndicator_Allocation_ratio_Allocation_ratio_V_Definition,6025,Variable
KeyPerformanceIndicator_Allocation_ratio_Allocation_ratio_V_EURange,6026,Variable
KeyPerformanceIndicator_Throughput_rate_Throughput_rate_V_Definition,6027,Variable
KeyPerformanceIndicator_Throughput_rate_Throughput_rate_V_EURange,6028,Variable
KeyPerformanceIndicator_Allocation_ratio_Allocation_ratio_M_InputArguments,6029,Variable
KeyPerformanceIndicator_Allocation_ratio_Allocation_ratio_M_OutputArguments,6030,Variable
KeyPerformanceIndicator_Throughput_rate_Throughput_rate_M_InputArguments,6031,Variable
KeyPerformanceIndicator_Throughput_rate_Throughput_rate_M_OutputArguments,6032,Variable
KPIElement_Logistical_elements_Planned_order_quantity_POQ,6033,Variable
KPIElement_Logistical_elements_Planned_order_quantity_POQ_EngineeringUnits,6034,Variable
KPIElement_Logistical_elements_Planned_order_quantity_POQ_Definition,6035,Variable
KPIElement_Quality_elements_Good_part,6036,Variable
KPIElement_Quality_elements_Good_part_EngineeringUnits,6037,Variable
KPIElement_Quality_elements_Good_part_Definition,6038,Variable
KPIElement_Time_elements_Actual_times_Actual_unit_processing_time_AUPT,6039,Variable
KPIElement_Time_elements_Actual_times_Actual_unit_processing_time_AUPT_EngineeringUnits,6040,Variable
KPIElement_Time_elements_Actual_times_Actual_unit_processing_time_AUPT_Definition,6041,Variable
KPIElement_Time_elements_Actual_times_Actual_unit_busy_time_AUBT,6042,Variable
KPIElement_Time_elements_Actual_times_Actual_unit_busy_time_AUBT_EngineeringUnits,6043,Variable
KPIElement_Time_elements_Planned_times_Planned_order_execution_time_POET,6044,Variable
KPIElement_Time_elements_Planned_times_Planned_order_execution_time_POET_EngineeringUnits,6045,Variable
KPIElement_Time_elements_Actual_times_Actual_personnel_attendance_time_APAT,6046,Variable
KPIElement_Time_elements_Actual_times_Actual_personnel_attendance_time_APAT_EngineeringUnits,6047,Variable
KPIElement_Time_elements_Actual_times_Actual_production__time_APT,6048,Variable
KPIElement_Time_elements_Actual_times_Actual_production__time_APT_EngineeringUnits,6049,Variable
KPIElement_Time_elements_Actual_times_Actual_queuing_time_AQT,6050,Variable
KPIElement_Time_elements_Actual_times_Actual_queuing_time_AQT_EngineeringUnits,6051,Variable
KPIElement_Time_elements_Actual_times_Actual_unit_down_time_ADOT,6052,Variable
KPIElement_Time_elements_Actual_times_Actual_unit_down_time_ADOT_EngineeringUnits,6053,Variable
KPIElement_Time_elements_Actual_times_Actual_unit_delay_time_ADET,6054,Variable
KPIElement_Time_elements_Actual_times_Actual_unit_delay_time_ADET_EngineeringUnits,6055,Variable
KPIElement_Time_elements_Actual_times_Actual_unit_setup_time_AUST,6056,Variable
KPIElement_Time_elements_Actual_times_Actual_unit_setup_time_AUST_EngineeringUnits,6057,Variable
KPIElement_Time_elements_Actual_times_Actual_transport_time_ATT,6058,Variable
KPIElement_Time_elements_Actual_times_Actual_transport_time_ATT_EngineeringUnits,6059,Variable
KPIElement_Time_elements_Actual_times_Actual_order_execution_time_AOET,6060,Variable
KPIElement_Time_elements_Actual_times_Actual_order_execution_time_AOET_EngineeringUnits,6061,Variable
KPIElement_Time_elements_Planned_times_Planned_operation_time_POT,6062,Variable
KPIElement_Time_elements_Planned_times_Planned_operation_time_POT_EngineeringUnits,6063,Variable
KPIElement_Time_elements_Planned_times_Planned_unit_setup_time_PUST,6064,Variable
KPIElement_Time_elements_Planned_times_Planned_unit_setup_time_PUST_EngineeringUnits,6065,Variable
KPIElement_Time_elements_Planned_times_Planned_busy_time_PBT,6066,Variable
KPIElement_Time_elements_Planned_times_Planned_busy_time_PBT_EngineeringUnits,6067,Variable
KPIElement_Time_elements_Planned_times_Planned_run_time_per_item_PRI,6068,Variable
KPIElement_Time_elements_Planned_times_Planned_run_time_per_item_PRI_EngineeringUnits,6069,Variable
KPIElement_Time_elements_Maintenance_times_Time_between_failures_TBF,6070,Variable
KPIElement_Time_elements_Maintenance_times_Time_between_failures_TBF_EngineeringUnits,6071,Variable
KPIElement_Time_elements_Maintenance_times_Time_to_repair_TTR,6072,Variable
KPIElement_Time_elements_Maintenance_times_Time_to_repair_TTR_EngineeringUnits,6073,Variable
KPIElement_Time_elements_Maintenance_times_Time_to_failure_TTF,6074,Variable
KPIElement_Time_elements_Maintenance_times_Time_to_failure_TTF_EngineeringUnits,6075,Variable
KPIElement_Time_elements_Maintenance_times_Failure_event_count_FE,6076,Variable
KPIElement_Time_elements_Maintenance_times_Failure_event_count_FE_EngineeringUnits,6077,Variable
KPIElement_Time_elements_Maintenance_times_Corrective_maintenance_time_CMT,6078,Variable
KPIElement_Time_elements_Maintenance_times_Corrective_maintenance_time_CMT_EngineeringUnits,6079,Variable
KPIElement_Time_elements_Maintenance_times_Preventive_maintenance_time_PMT,6080,Variable
KPIElement_Time_elements_Maintenance_times_Preventive_maintenance_time_PMT_EngineeringUnits,6081,Variable
KPIElement_Time_elements_Planned_times_Planned_busy_time_PBT_Definition,6082,Variable
KPIElement_Time_elements_Planned_times_Planned_operation_time_POT_Definition,6083,Variable
KPIElement_Time_elements_Planned_times_Planned_order_execution_time_POET_Definition,6084,Variable
KPIElement_Time_elements_Planned_times_Planned_run_time_per_item_PRI_Definition,6085,Variable
KPIElement_Time_elements_Planned_times_Planned_unit_setup_time_PUST_Definition,6086,Variable
KPIElement_Time_elements_Maintenance_times_Corrective_maintenance_time_CMT_Definition,6087,Variable
KPIElement_Time_elements_Maintenance_times_Time_between_failures_TBF_Definition,6088,Variable
KPIElement_Time_elements_Maintenance_times_Time_to_repair_TTR_Definition,6089,Variable
KPIElement_Time_elements_Maintenance_times_Time_to_failure_TTF_Definition,6090,Variable
KPIElement_Time_elements_Maintenance_times_Failure_event_count_FE_Definition,6091,Variable
KPIElement_Time_elements_Maintenance_times_Preventive_maintenance_time_PMT_Definition,6092,Variable
KPIElement_Time_elements_Actual_times_Actual_order_execution_time_AOET_Definition,6093,Variable
KPIElement_Time_elements_Actual_times_Actual_personnel_attendance_time_APAT_Definition,6094,Variable
KPIElement_Time_elements_Actual_times_Actual_unit_busy_time_AUBT_Definition,6095,Variable
KPIElement_Time_elements_Actual_times_Actual_production__time_APT_Definition,6096,Variable
KPIElement_Time_elements_Actual_times_Actual_queuing_time_AQT_Definition,6097,Variable
KPIElement_Time_elements_Actual_times_Actual_unit_down_time_ADOT_Definition,6098,Variable
KPIElement_Time_elements_Actual_times_Actual_unit_delay_time_ADET_Definition,6099,Variable
KPIElement_Time_elements_Actual_times_Actual_unit_setup_time_AUST_Definition,6100,Variable
KPIElement_Time_elements_Actual_times_Actual_transport_time_ATT_Definition,6101,Variable
KeyPerformanceIndicator_Allocation_efficiency_Allocation_efficiency_V,6102,Variable
KeyPerformanceIndicator_Allocation_efficiency_Allocation_efficiency_V_EngineeringUnits,6103,Variable
KeyPerformanceIndicator_Allocation_efficiency_Allocation_efficiency_V_Definition,6104,Variable
KeyPerformanceIndicator_Allocation_efficiency_Allocation_efficiency_V_EURange,6105,Variable
KeyPerformanceIndicator_Allocation_efficiency_Allocation_efficiency_M_InputArguments,6106,Variable
KeyPerformanceIndicator_Allocation_efficiency_Allocation_efficiency_M_OutputArguments,6107,Variable
KeyPerformanceIndicator_Utilization_efficiency_Utilization_efficiency_V,6108,Variable
KeyPerformanceIndicator_Utilization_efficiency_Utilization_efficiency_V_EngineeringUnits,6109,Variable
KeyPerformanceIndicator_Utilization_efficiency_Utilization_efficiency_V_Definition,6110,Variable
KeyPerformanceIndicator_Utilization_efficiency_Utilization_efficiency_V_EURange,6111,Variable
KeyPerformanceIndicator_Utilization_efficiency_Utilization_efficiency_M_InputArguments,6112,Variable
KeyPerformanceIndicator_Utilization_efficiency_Utilization_efficiency_M_OutputArguments,6113,Variable
KeyPerformanceIndicator_Overall_equipment_effectiveness_index_Overall_equipment_effectiveness_index_V,6114,Variable
KeyPerformanceIndicator_Overall_equipment_effectiveness_index_Overall_equipment_effectiveness_index_V_EngineeringUnits,6115,Variable
KeyPerformanceIndicator_Overall_equipment_effectiveness_index_Overall_equipment_effectiveness_index_M_InputArguments,6116,Variable
KeyPerformanceIndicator_Overall_equipment_effectiveness_index_Overall_equipment_effectiveness_index_M_OutputArguments,6117,Variable
KeyPerformanceIndicator_Overall_equipment_effectiveness_index_Overall_equipment_effectiveness_index_V_Definition,6118,Variable
KeyPerformanceIndicator_Overall_equipment_effectiveness_index_Overall_equipment_effectiveness_index_V_EURange,6119,Variable
KeyPerformanceIndicator_Net_equipment_effectiveness_index_Net_equipment_effectiveness_index_V,6120,Variable
KeyPerformanceIndicator_Net_equipment_effectiveness_index_Net_equipment_effectiveness_index_V_EngineeringUnits,6121,Variable
KeyPerformanceIndicator_Net_equipment_effectiveness_index_Net_equipment_effectiveness_index_M_InputArguments,6122,Variable
KeyPerformanceIndicator_Net_equipment_effectiveness_index_Net_equipment_effectiveness_index_M_OutputArguments,6123,Variable
KeyPerformanceIndicator_Net_equipment_effectiveness_index_Net_equipment_effectiveness_index_V_Definition,6124,Variable
KeyPerformanceIndicator_Net_equipment_effectiveness_index_Net_equipment_effectiveness_index_V_EURange,6125,Variable
KeyPerformanceIndicator_Availability_Availability_V,6126,Variable
KeyPerformanceIndicator_Availability_Availability_V_EngineeringUnits,6127,Variable
KeyPerformanceIndicator_Availability_Availability_V_Definition,6128,Variable
KeyPerformanceIndicator_Availability_Availability_V_EURange,6129,Variable
KeyPerformanceIndicator_Availability_Availability_M_InputArguments,6130,Variable
KeyPerformanceIndicator_Availability_Availability_M_OutputArguments,6131,Variable
KeyPerformanceIndicator_Effectiveness_Effectiveness_V,6132,Variable
KeyPerformanceIndicator_Effectiveness_Effectiveness_V_EngineeringUnits,6133,Variable
KeyPerformanceIndicator_Effectiveness_Effectiveness_M_InputArguments,6134,Variable
KeyPerformanceIndicator_Effectiveness_Effectiveness_M_OutputArguments,6135,Variable
KeyPerformanceIndicator_Effectiveness_Effectiveness_V_Definition,6136,Variable
KeyPerformanceIndicator_Effectiveness_Effectiveness_V_EURange,6137,Variable
KeyPerformanceIndicator_Quality_ratio_Quality_ratio_V,6138,Variable
KeyPerformanceIndicator_Quality_ratio_Quality_ratio_V_EngineeringUnits,6139,Variable
KeyPerformanceIndicator_Quality_ratio_Quality_ratio_M_InputArguments,6140,Variable
KeyPerformanceIndicator_Quality_ratio_Quality_ratio_M_OutputArguments,6141,Variable
KeyPerformanceIndicator_Quality_ratio_Quality_ratio_V_Definition,6142,Variable
KeyPerformanceIndicator_Quality_ratio_Quality_ratio_V_EURange,6143,Variable
KeyPerformanceIndicator_Setup__ratio_Setup_ratio_V,6144,Variable
KeyPerformanceIndicator_Setup__ratio_Setup_ratio_M_InputArguments,6145,Variable
KeyPerformanceIndicator_Setup__ratio_Setup_ratio_M_OutputArguments,6146,Variable
KeyPerformanceIndicator_Setup__ratio_Setup_ratio_V_EngineeringUnits,6147,Variable
KeyPerformanceIndicator_Setup__ratio_Setup_ratio_V_Definition,6148,Variable
KeyPerformanceIndicator_Setup__ratio_Setup_ratio_V_EURange,6149,Variable
KeyPerformanceIndicator_Technical_efficiency_Technical_efficiency_V,6150,Variable
KeyPerformanceIndicator_Technical_efficiency_Technical_efficiency_V_EngineeringUnits,6151,Variable
KeyPerformanceIndicator_Technical_efficiency_Technical_efficiency_M_InputArguments,6152,Variable
KeyPerformanceIndicator_Technical_efficiency_Technical_efficiency_M_OutputArguments,6153,Variable
KeyPerformanceIndicator_Technical_efficiency_Technical_efficiency_V_Definition,6154,Variable
KeyPerformanceIndicator_Technical_efficiency_Technical_efficiency_V_EURange,6155,Variable
KeyPerformanceIndicator_Production_process_ratio_Production_process_ratio_V,6156,Variable
KeyPerformanceIndicator_Production_process_ratio_Production_process_ratio_V_EngineeringUnits,6157,Variable
KeyPerformanceIndicator_Production_process_ratio_Production_process_ratio_M_InputArguments,6158,Variable
KeyPerformanceIndicator_Production_process_ratio_Production_process_ratio_M_OutputArguments,6159,Variable
KeyPerformanceIndicator_Production_process_ratio_Production_process_ratio_V_Definition,6160,Variable
KeyPerformanceIndicator_Production_process_ratio_Production_process_ratio_V_EURange,6161,Variable
KeyPerformanceIndicator_Actual_to_planned_scrap_ratio_Actual_to_planned_scrap_ratio_V,6162,Variable
KeyPerformanceIndicator_Actual_to_planned_scrap_ratio_Actual_to_planned_scrap_ratio_M_InputArguments,6163,Variable
KeyPerformanceIndicator_Actual_to_planned_scrap_ratio_Actual_to_planned_scrap_ratio_M_OutputArguments,6164,Variable
KeyPerformanceIndicator_Actual_to_planned_scrap_ratio_Actual_to_planned_scrap_ratio_V_EngineeringUnits,6165,Variable
KeyPerformanceIndicator_Actual_to_planned_scrap_ratio_Actual_to_planned_scrap_ratio_V_Definition,6166,Variable
KeyPerformanceIndicator_Actual_to_planned_scrap_ratio_Actual_to_planned_scrap_ratio_V_EURange,6167,Variable
KeyPerformanceIndicator_First_pass_yield_First_pass_yield_V,6168,Variable
KeyPerformanceIndicator_First_pass_yield_First_pass_yield_V_EngineeringUnits,6169,Variable
KeyPerformanceIndicator_First_pass_yield_First_pass_yield_M_InputArguments,6170,Variable
KeyPerformanceIndicator_First_pass_yield_First_pass_yield_M_OutputArguments,6171,Variable
KeyPerformanceIndicator_First_pass_yield_First_pass_yield_V_Definition,6172,Variable
KeyPerformanceIndicator_First_pass_yield_First_pass_yield_V_EURange,6173,Variable
KeyPerformanceIndicator_Scrap_ratio_Scrap_ratio_V,6174,Variable
KeyPerformanceIndicator_Scrap_ratio_Scrap_ratio_V_EngineeringUnits,6175,Variable
KeyPerformanceIndicator_Scrap_ratio_Scrap_ratio_M_InputArguments,6176,Variable
KeyPerformanceIndicator_Scrap_ratio_Scrap_ratio_M_OutputArguments,6177,Variable
KeyPerformanceIndicator_Scrap_ratio_Scrap_ratio_V_Definition,6178,Variable
KeyPerformanceIndicator_Scrap_ratio_Scrap_ratio_V_EURange,6179,Variable
KeyPerformanceIndicator_Rework_ratio_Rework_ratio_V,6180,Variable
KeyPerformanceIndicator_Rework_ratio_Rework_ratio_V_EngineeringUnits,6181,Variable
KeyPerformanceIndicator_Rework_ratio_Rework_ratio_M_InputArguments,6182,Variable
KeyPerformanceIndicator_Rework_ratio_Rework_ratio_M_OutputArguments,6183,Variable
KeyPerformanceIndicator_Rework_ratio_Rework_ratio_V_Definition,6184,Variable
KeyPerformanceIndicator_Rework_ratio_Rework_ratio_V_EURange,6185,Variable
KeyPerformanceIndicator_Fall_off_ratio_Fall_off_ratio_V,6186,Variable
KeyPerformanceIndicator_Fall_off_ratio_Fall_off_ratio_V_EngineeringUnits,6187,Variable
KeyPerformanceIndicator_Fall_off_ratio_Fall_off_ratio_M_InputArguments,6188,Variable
KeyPerformanceIndicator_Fall_off_ratio_Fall_off_ratio_M_OutputArguments,6189,Variable
KeyPerformanceIndicator_Fall_off_ratio_Fall_off_ratio_V_Definition,6190,Variable
KeyPerformanceIndicator_Fall_off_ratio_Fall_off_ratio_V_EURange,6191,Variable
KeyPerformanceIndicator_Machine_capability_index_Machine_capability_index_V,6192,Variable
KeyPerformanceIndicator_Machine_capability_index_Machine_capability_index_V_EngineeringUnits,6193,Variable
KeyPerformanceIndicator_Machine_capability_index_Machine_capability_index_M_InputArguments,6194,Variable
KeyPerformanceIndicator_Machine_capability_index_Machine_capability_index_M_OutputArguments,6195,Variable
KeyPerformanceIndicator_Machine_capability_index_Machine_capability_index_V_Definition,6196,Variable
KeyPerformanceIndicator_Machine_capability_index_Machine_capability_index_V_EURange,6197,Variable
KeyPerformanceIndicator_Critical_machine_capability_index_Critical_machine_capability_index_V,6198,Variable
KeyPerformanceIndicator_Critical_machine_capability_index_Critical_machine_capability_index_V_EngineeringUnits,6199,Variable
KeyPerformanceIndicator_Critical_machine_capability_index_Critical_machine_capability_index_M_OutputArguments,6200,Variable
KeyPerformanceIndicator_Critical_machine_capability_index_Critical_machine_capability_index_M_InputArguments,6201,Variable
KeyPerformanceIndicator_Critical_machine_capability_index_Critical_machine_capability_index_V_Definition,6202,Variable
KeyPerformanceIndicator_Critical_machine_capability_index_Critical_machine_capability_index_V_EURange,6203,Variable
KeyPerformanceIndicator_Process_capability_index_Process_capability_index_V,6204,Variable
KeyPerformanceIndicator_Process_capability_index_Process_capability_index_V_EngineeringUnits,6205,Variable
KeyPerformanceIndicator_Process_capability_index_Process_capability_index_M_InputArguments,6206,Variable
KeyPerformanceIndicator_Process_capability_index_Process_capability_index_M_OutputArguments,6207,Variable
KeyPerformanceIndicator_Process_capability_index_Process_capability_index_V_Definition,6208,Variable
KeyPerformanceIndicator_Process_capability_index_Process_capability_index_V_EURange,6209,Variable
KeyPerformanceIndicator_Critical_process_capability_index_Critical_process_capability_index_V,6210,Variable
KeyPerformanceIndicator_Critical_process_capability_index_Critical_process_capability_index_V_EngineeringUnits,6211,Variable
KeyPerformanceIndicator_Critical_process_capability_index_Critical_process_capability_index_M_OutputArguments,6212,Variable
KeyPerformanceIndicator_Critical_process_capability_index_Critical_process_capability_index_M_InputArguments,6213,Variable
KeyPerformanceIndicator_Critical_process_capability_index_Critical_process_capability_index_V_Definition,6214,Variable
KeyPerformanceIndicator_Critical_process_capability_index_Critical_process_capability_index_V_EURange,6215,Variable
KeyPerformanceIndicator_Comprehensive_energy_consumption_Comprehensive_energy_consumption_M_InputArguments,6216,Variable
KeyPerformanceIndicator_Comprehensive_energy_consumption_Comprehensive_energy_consumption_M_OutputArguments,6217,Variable
KeyPerformanceIndicator_Comprehensive_energy_consumption_Comprehensive_energy_consumption_V,6218,Variable
KeyPerformanceIndicator_Comprehensive_energy_consumption_Comprehensive_energy_consumption_V_EngineeringUnits,6219,Variable
KeyPerformanceIndicator_Comprehensive_energy_consumption_Comprehensive_energy_consumption_V_Definition,6220,Variable
KeyPerformanceIndicator_Comprehensive_energy_consumption_Comprehensive_energy_consumption_V_EURange,6221,Variable
KeyPerformanceIndicator_Inventory_turns_Inventory_turns_V,6222,Variable
KeyPerformanceIndicator_Inventory_turns_Inventory_turns_V_EngineeringUnits,6223,Variable
KeyPerformanceIndicator_Inventory_turns_Inventory_turns_M_InputArguments,6224,Variable
KeyPerformanceIndicator_Inventory_turns_Inventory_turns_M_OutputArguments,6225,Variable
KeyPerformanceIndicator_Inventory_turns_Inventory_turns_V_Definition,6226,Variable
KeyPerformanceIndicator_Inventory_turns_Inventory_turns_V_EURange,6227,Variable
KeyPerformanceIndicator_Finished_goods_ratio_Finished_goods_ratio_V,6228,Variable
KeyPerformanceIndicator_Finished_goods_ratio_Finished_goods_ratio_V_EngineeringUnits,6229,Variable
KeyPerformanceIndicator_Finished_goods_ratio_Finished_goods_ratio_M_InputArguments,6230,Variable
KeyPerformanceIndicator_Finished_goods_ratio_Finished_goods_ratio_M_OutputArguments,6231,Variable
KeyPerformanceIndicator_Finished_goods_ratio_Finished_goods_ratio_V_Definition,6232,Variable
KeyPerformanceIndicator_Finished_goods_ratio_Finished_goods_ratio_V_EURange,6233,Variable
KeyPerformanceIndicator_Integrated_goods_ratio_Integrated_goods_ratio_V,6234,Variable
KeyPerformanceIndicator_Integrated_goods_ratio_Integrated_goods_ratio_V_EngineeringUnits,6235,Variable
KeyPerformanceIndicator_Integrated_goods_ratio_Integrated_goods_ratio_M_InputArguments,6236,Variable
KeyPerformanceIndicator_Integrated_goods_ratio_Integrated_goods_ratio_M_OutputArguments,6237,Variable
KeyPerformanceIndicator_Integrated_goods_ratio_Integrated_goods_ratio_V_Definition,6238,Variable
KeyPerformanceIndicator_Integrated_goods_ratio_Integrated_goods_ratio_V_EURange,6239,Variable
KeyPerformanceIndicator_Production_loss_ratio_Production_loss_ratio_V,6240,Variable
KeyPerformanceIndicator_Production_loss_ratio_Production_loss_ratio_V_EngineeringUnits,6241,Variable
KeyPerformanceIndicator_Production_loss_ratio_Production_loss_ratio_M_InputArguments,6242,Variable
KeyPerformanceIndicator_Production_loss_ratio_Production_loss_ratio_M_OutputArguments,6243,Variable
KeyPerformanceIndicator_Production_loss_ratio_Production_loss_ratio_V_Definition,6244,Variable
KeyPerformanceIndicator_Production_loss_ratio_Production_loss_ratio_V_EURange,6245,Variable
KeyPerformanceIndicator_Storage_and_transportation_loss_ratio_Storage_and_transportation_loss_ratio_V,6246,Variable
KeyPerformanceIndicator_Storage_and_transportation_loss_ratio_Storage_and_transportation_loss_ratio_V_EngineeringUnits,6247,Variable
KeyPerformanceIndicator_Storage_and_transportation_loss_ratio_Storage_and_transportation_loss_ratio_M_InputArguments,6248,Variable
KeyPerformanceIndicator_Storage_and_transportation_loss_ratio_Storage_and_transportation_loss_ratio_M_OutputArguments,6249,Variable
KeyPerformanceIndicator_Storage_and_transportation_loss_ratio_Storage_and_transportation_loss_ratio_V_Definition,6250,Variable
KeyPerformanceIndicator_Storage_and_transportation_loss_ratio_Storage_and_transportation_loss_ratio_V_EURange,6251,Variable
KeyPerformanceIndicator_Other_loss_ratio_Other_loss_ratio_V,6252,Variable
KeyPerformanceIndicator_Other_loss_ratio_Other_loss_ratio_V_EngineeringUnits,6253,Variable
KeyPerformanceIndicator_Other_loss_ratio_Other_loss_ratio_M_InputArguments,6254,Variable
KeyPerformanceIndicator_Other_loss_ratio_Other_loss_ratio_M_OutputArguments,6255,Variable
KeyPerformanceIndicator_Other_loss_ratio_Other_loss_ratio_V_Definition,6256,Variable
KeyPerformanceIndicator_Other_loss_ratio_Other_loss_ratio_V_EURange,6257,Variable
KeyPerformanceIndicator_Equipment_load_ratio_Equipment_load_ratio_V,6258,Variable
KeyPerformanceIndicator_Equipment_load_ratio_Equipment_load_ratio_V_EngineeringUnits,6259,Variable
KeyPerformanceIndicator_Equipment_load_ratio_Equipment_load_ratio__M_InputArguments,6260,Variable
KeyPerformanceIndicator_Equipment_load_ratio_Equipment_load_ratio__M_OutputArguments,6261,Variable
KeyPerformanceIndicator_Equipment_load_ratio_Equipment_load_ratio_V_Definition,6262,Variable
KeyPerformanceIndicator_Equipment_load_ratio_Equipment_load_ratio_V_EURange,6263,Variable
KeyPerformanceIndicator_Mean_operating_time_between_failures_Mean_operating_time_between_failures_V,6264,Variable
KeyPerformanceIndicator_Mean_operating_time_between_failures_Mean_operating_time_between_failures_V_EngineeringUnits,6265,Variable
KeyPerformanceIndicator_Mean_operating_time_between_failures_Mean_operating_time_between_failures_M_InputArguments,6266,Variable
KeyPerformanceIndicator_Mean_operating_time_between_failures_Mean_operating_time_between_failures_M_OutputArguments,6267,Variable
KeyPerformanceIndicator_Mean_operating_time_between_failures_Mean_operating_time_between_failures_V_Definition,6268,Variable
KeyPerformanceIndicator_Mean_operating_time_between_failures_Mean_operating_time_between_failures_V_EURange,6269,Variable
KeyPerformanceIndicator_Mean_time_to_failure_Mean_time_to_failure_V,6270,Variable
KeyPerformanceIndicator_Mean_time_to_failure_Mean_time_to_failure_V_EngineeringUnits,6271,Variable
KeyPerformanceIndicator_Mean_time_to_failure_Mean_time_to_failure_M_InputArguments,6272,Variable
KeyPerformanceIndicator_Mean_time_to_failure_Mean_time_to_failure_M_OutputArguments,6273,Variable
KeyPerformanceIndicator_Mean_time_to_failure_Mean_time_to_failure_V_Definition,6274,Variable
KeyPerformanceIndicator_Mean_time_to_failure_Mean_time_to_failure_V_EURange,6275,Variable
KeyPerformanceIndicator_Mean_time_to_repair_Mean_time_to_repair_V,6276,Variable
KeyPerformanceIndicator_Mean_time_to_repair_Mean_time_to_repair_V_EngineeringUnits,6277,Variable
KeyPerformanceIndicator_Mean_time_to_repair_Mean_time_to_repair_M_InputArguments,6278,Variable
KeyPerformanceIndicator_Mean_time_to_repair_Mean_time_to_repair_M_OutputArguments,6279,Variable
KeyPerformanceIndicator_Mean_time_to_repair_Mean_time_to_repair_V_Definition,6280,Variable
KeyPerformanceIndicator_Mean_time_to_repair_Mean_time_to_repair_V_EURange,6281,Variable
KeyPerformanceIndicator_Corrective_maintenance_ratio_Corrective_maintenance_ratio_V,6282,Variable
KeyPerformanceIndicator_Corrective_maintenance_ratio_Corrective_maintenance_ratio_V_EngineeringUnits,6283,Variable
KeyPerformanceIndicator_Corrective_maintenance_ratio_Corrective_maintenance_ratio_M_InputArguments,6284,Variable
KeyPerformanceIndicator_Corrective_maintenance_ratio_Corrective_maintenance_ratio_M_OutputArguments,6285,Variable
KeyPerformanceIndicator_Corrective_maintenance_ratio_Corrective_maintenance_ratio_V_Definition,6286,Variable
KeyPerformanceIndicator_Corrective_maintenance_ratio_Corrective_maintenance_ratio_V_EURange,6287,Variable
KPIElement_Logistical_elements_Scrap_quantity_SQ,6288,Variable
KPIElement_Logistical_elements_Scrap_quantity_SQ_EngineeringUnits,6289,Variable
KPIElement_Logistical_elements_Scrap_quantity_SQ_Definition,6290,Variable
KPIElement_Logistical_elements_Planned_scrap_quantity__PSQ,6291,Variable
KPIElement_Logistical_elements_Planned_scrap_quantity__PSQ_EngineeringUnits,6292,Variable
KPIElement_Logistical_elements_Good_quantity_GQ,6293,Variable
KPIElement_Logistical_elements_Good_quantity_GQ_EngineeringUnits,6294,Variable
KPIElement_Logistical_elements_Rework_quantity_RQ,6295,Variable
KPIElement_Logistical_elements_Rework_quantity_RQ_EngineeringUnits,6296,Variable
KPIElement_Logistical_elements_Produced_quantity_PQ,6297,Variable
KPIElement_Logistical_elements_Produced_quantity_PQ_EngineeringUnits,6298,Variable
KPIElement_Logistical_elements_Raw_materials_RM,6299,Variable
KPIElement_Logistical_elements_Raw_materials_RM_EngineeringUnits,6300,Variable
KPIElement_Logistical_elements_Raw_materials_inventory_RMI,6301,Variable
KPIElement_Logistical_elements_Raw_materials_inventory_RMI_EngineeringUnits,6302,Variable
KPIElement_Logistical_elements_Finished_goods_inventory_FGI,6303,Variable
KPIElement_Logistical_elements_Finished_goods_inventory_FGI_EngineeringUnits,6304,Variable
KPIElement_Logistical_elements_Consumable_inventory_CI,6305,Variable
KPIElement_Logistical_elements_Consumable_inventory_CI_EngineeringUnits,6306,Variable
KPIElement_Logistical_elements_Consumed_material_CM,6307,Variable
KPIElement_Logistical_elements_Consumed_material_CM_EngineeringUnits,6308,Variable
KPIElement_Logistical_elements_Integrated_good_quantity_IGQ,6309,Variable
KPIElement_Logistical_elements_Integrated_good_quantity_IGQ_EngineeringUnits,6310,Variable
KPIElement_Logistical_elements_Production_loss_PL,6311,Variable
KPIElement_Logistical_elements_Production_loss_PL_EngineeringUnits,6312,Variable
KPIElement_Logistical_elements_Storage_and_transportation_loss_STL,6313,Variable
KPIElement_Logistical_elements_Storage_and_transportation_loss_STL_EngineeringUnits,6314,Variable
KPIElement_Logistical_elements_Other_loss_OL,6315,Variable
KPIElement_Logistical_elements_Other_loss_OL_EngineeringUnits,6316,Variable
KPIElement_Logistical_elements_Equipment_production_capacity_EPC,6317,Variable
KPIElement_Logistical_elements_Equipment_production_capacity_EPC_EngineeringUnits,6318,Variable
KPIElement_Logistical_elements_Planned_scrap_quantity__PSQ_Definition,6319,Variable
KPIElement_Logistical_elements_Good_quantity_GQ_Definition,6320,Variable
KPIElement_Logistical_elements_Rework_quantity_RQ_Definition,6321,Variable
KPIElement_Logistical_elements_Produced_quantity_PQ_Definition,6322,Variable
KPIElement_Logistical_elements_Raw_materials_RM_Definition,6323,Variable
KPIElement_Logistical_elements_Raw_materials_inventory_RMI_Definition,6324,Variable
KPIElement_Logistical_elements_Finished_goods_inventory_FGI_Definition,6325,Variable
KPIElement_Logistical_elements_Consumable_inventory_CI_Definition,6326,Variable
KPIElement_Logistical_elements_Consumed_material_CM_Definition,6327,Variable
KPIElement_Logistical_elements_Integrated_good_quantity_IGQ_Definition,6328,Variable
KPIElement_Logistical_elements_Production_loss_PL_Definition,6329,Variable
KPIElement_Logistical_elements_Storage_and_transportation_loss_STL_Definition,6330,Variable
KPIElement_Logistical_elements_Other_loss_OL_Definition,6331,Variable
KPIElement_Logistical_elements_Equipment_production_capacity_EPC_Definition,6332,Variable
KPIElement_Quality_elements_Inspected_part_IP,6333,Variable
KPIElement_Quality_elements_Inspected_part_IP_EngineeringUnits,6334,Variable
KPIElement_Quality_elements_Upper_specification_limit_USL,6335,Variable
KPIElement_Quality_elements_Upper_specification_limit_USL_EngineeringUnits,6336,Variable
KPIElement_Quality_elements_Lower_specification_limit_LSL,6337,Variable
KPIElement_Quality_elements_Lower_specification_limit_LSL_EngineeringUnits,6338,Variable
KPIElement_Quality_elements_Arithmetic_average,6339,Variable
KPIElement_Quality_elements_Arithmetic_average_EngineeringUnits,6340,Variable
KPIElement_Quality_elements_Average_of_average_values,6341,Variable
KPIElement_Quality_elements_Average_of_average_values_EngineeringUnits,6342,Variable
KPIElement_Quality_elements_Estimated_deviation,6343,Variable
KPIElement_Quality_elements_Estimated_deviation_EngineeringUnits,6344,Variable
KPIElement_Quality_elements_Standard_deviation,6345,Variable
KPIElement_Quality_elements_Standard_deviation_EngineeringUnits,6346,Variable
KPIElement_Quality_elements_Variance,6347,Variable
KPIElement_Quality_elements_Variance_EngineeringUnits,6348,Variable
KPIElement_Quality_elements_Inspected_part_IP_Definition,6349,Variable
KPIElement_Quality_elements_Upper_specification_limit_USL_Definition,6350,Variable
KPIElement_Quality_elements_Lower_specification_limit_LSL_Definition,6351,Variable
KPIElement_Quality_elements_Arithmetic_average_Definition,6352,Variable
KPIElement_Quality_elements_Average_of_average_values_Definition,6353,Variable
KPIElement_Quality_elements_Estimated_deviation_Definition,6354,Variable
KPIElement_Quality_elements_Standard_deviation_Definition,6355,Variable
KPIElement_Quality_elements_Variance_Definition,6356,Variable
KeyPerformanceIndicator_Worker_efficiency_Worker_efficiency_M,7001,Method
KeyPerformanceIndicator_Allocation_ratio_Allocation_ratio_M,7002,Method
KeyPerformanceIndicator_Throughput_rate_Throughput_rate_M,7003,Method
KeyPerformanceIndicator_Allocation_efficiency_Allocation_efficiency_M,7004,Method
KeyPerformanceIndicator_Utilization_efficiency_Utilization_efficiency_M,7005,Method
KeyPerformanceIndicator_Overall_equipment_effectiveness_index_Overall_equipment_effectiveness_index_M,7006,Method
KeyPerformanceIndicator_Net_equipment_effectiveness_index_Net_equipment_effectiveness_index_M,7007,Method
KeyPerformanceIndicator_Availability_Availability_M,7008,Method
KeyPerformanceIndicator_Effectiveness_Effectiveness_M,7009,Method
KeyPerformanceIndicator_Quality_ratio_Quality_ratio_M,7010,Method
KeyPerformanceIndicator_Setup__ratio_Setup_ratio_M,7011,Method
KeyPerformanceIndicator_Technical_efficiency_Technical_efficiency_M,7012,Method
KeyPerformanceIndicator_Production_process_ratio_Production_process_ratio_M,7013,Method
KeyPerformanceIndicator_Actual_to_planned_scrap_ratio_Actual_to_planned_scrap_ratio_M,7014,Method
KeyPerformanceIndicator_First_pass_yield_First_pass_yield_M,7015,Method
KeyPerformanceIndicator_Scrap_ratio_Scrap_ratio_M,7016,Method
KeyPerformanceIndicator_Rework_ratio_Rework_ratio_M,7017,Method
KeyPerformanceIndicator_Fall_off_ratio_Fall_off_ratio_M,7018,Method
KeyPerformanceIndicator_Machine_capability_index_Machine_capability_index_M,7019,Method
KeyPerformanceIndicator_Critical_machine_capability_index_Critical_machine_capability_index_M,7020,Method
KeyPerformanceIndicator_Process_capability_index_Process_capability_index_M,7021,Method
KeyPerformanceIndicator_Critical_process_capability_index_Critical_process_capability_index_M,7022,Method
KeyPerformanceIndicator_Comprehensive_energy_consumption_Comprehensive_energy_consumption_M,7023,Method
KeyPerformanceIndicator_Inventory_turns_Inventory_turns_M,7024,Method
KeyPerformanceIndicator_Finished_goods_ratio_Finished_goods_ratio_M,7025,Method
KeyPerformanceIndicator_Integrated_goods_ratio_Integrated_goods_ratio_M,7026,Method
KeyPerformanceIndicator_Production_loss_ratio_Production_loss_ratio_M,7027,Method
KeyPerformanceIndicator_Storage_and_transportation_loss_ratio_Storage_and_transportation_loss_ratio_M,7028,Method
KeyPerformanceIndicator_Other_loss_ratio_Other_loss_ratio_M,7029,Method
KeyPerformanceIndicator_Equipment_load_ratio_Equipment_load_ratio__M,7030,Method
KeyPerformanceIndicator_Mean_operating_time_between_failures_Mean_operating_time_between_failures_M,7031,Method
KeyPerformanceIndicator_Mean_time_to_failure_Mean_time_to_failure_M,7032,Method
KeyPerformanceIndicator_Mean_time_to_repair_Mean_time_to_repair_M,7033,Method
KeyPerformanceIndicator_Corrective_maintenance_ratio_Corrective_maintenance_ratio_M,7034,Method
